J00256_IGHJ1*01,GCTGAATACTTCCAGCAC,18
J00256_IGHJ2*01,CTACTGGTACTTCGATCTC,19
J00256_IGHJ3*01,ATGCTTTTGATGTC,14
X86355_IGHJ3*02,ATGCTTTTGATATC,14
J00256_IGHJ4*01,ACTACTTTGACTAC,14
X86355_IGHJ4*02,ACTACTTTGACTAC,14
M25625_IGHJ4*03,GCTACTTTGACTAC,14
J00256_IGHJ5*01,ACAACTGGTTCGAC,14
X86355_IGHJ5*02,ACAACTGGTTCGACCCC,17
J00256_IGHJ6*01,ATTACTACTACTACTACGGTA,21
X86355_IGHJ6*02,ATTACTACTACTACTACGGTA,21
X86356_IGHJ6*03,ATTACTACTACTACTACTACATGGACGTC,29
AJ879487_IGHJ6*04,ATTACTACTACTACTACGGTATGGACGTC,29
IGHJ1*01,GCTGAATACTTCCAGCAC,18
IGHJ2*01,CTACTGGTACTTCGATCTC,19
IGHJ3*01,ATGCTTTTGATGTC,14
IGHJ3*02,ATGCTTTTGATATC,14
IGHJ4*01,ACTACTTTGACTAC,14
IGHJ4*02,ACTACTTTGACTAC,14
IGHJ4*03,GCTACTTTGACTAC,14
IGHJ4*p04,ACTACTTTGACTAC,14
IGHJ5*01,ACAACTGGTTCGAC,14
IGHJ5*02,ACAACTGGTTCGACCCC,17
IGHJ6*01,ATTACTACTACTACTACGGTA,21
IGHJ6*02,ATTACTACTACTACTACGGTA,21
IGHJ6*03,ATTACTACTACTACTACTACATGGACGTC,29
IGHJ6*04,ATTACTACTACTACTACGGTATGGACGTC,29
IGHJ6*p05,ATTACTACTACTACTACGGTATGGACGTC,29
